active,show_name,venue_name,location_detail,day,frequency,frequency_custom_text,start_time,booker,borough,instagram_url,show_type,import_batch,notes
true,Only friends Comedy,Tootles and French,,Monday,weekly,,8:00 PM,Alexis Ramírez and David Bakker,Queens,https://www.instagram.com/onlyfriendscomedy_?igsh=MXBzMTYzZnIycWlscg==,independent,nyc-comedy-shows-2026-08-20,
true,Smash Comedy,Brujo Taco,,Monday,weekly,,8:00 PM,Royce Winner,Brooklyn,https://www.instagram.com/smashcomedyshow?igsh=MWJodWZiM204Nmwwcw==,independent,nyc-comedy-shows-2026-08-20,
true,Upper Best Side Comedy,E's Bar,,Monday,weekly,,8:00 PM,Dan Fitzpatrick & Sam Frank,Manhattan,https://www.instagram.com/thedanopticon/,independent,nyc-comedy-shows-2026-08-20,
false,"Comedy in Harlem, Smokey's living room""",Comedy in Harlem,,Monday,weekly,,7:30 PM,Smokey Suarez,Harlem,https://www.instagram.com/smokeysuarez/,independent,nyc-comedy-shows-2026-08-20,
false,Monday Night Mob Night,Stand Up NY,,Monday,weekly,,7:00 PM,Kevin Hurley and George Vanarthos,Manhattan,https://www.instagram.com/comedymobnyc/,independent,nyc-comedy-shows-2026-08-20,
true,Best of Brooklyn,Tiny Cupboard,,Monday,weekly,,8:00 PM,Matt and Amy,Brooklyn,https://www.instagram.com/thetinycupboard/,independent,nyc-comedy-shows-2026-08-20,
true,Best of Brooklyn,Tiny Cupboard,,Monday,weekly,,9:30 PM,Matt and Amy,Brooklyn,https://www.instagram.com/thetinycupboard/,independent,nyc-comedy-shows-2026-08-20,
false,Idiots After Dark!,The Mayfly,,Monday,weekly,,10:00 PM,Andrew Ginsberg & Isaac Gartenberg,Manhattan,https://www.instagram.com/thevillageidiot/,independent,nyc-comedy-shows-2026-08-20,
true,Mo Mondays No Problems,Mo's Bar & Lounge,,Monday,weekly,,8:30 PM,Kevin Lee St Pierre,Brooklyn,https://www.instagram.com/officiallykevinlee/,independent,nyc-comedy-shows-2026-08-20,
false,"Not a boy, Not a girl.",Mood Ring,,Monday,monthly,,8:00 PM,Will Morrison,Brooklyn,https://www.instagram.com/notaboynotagirlcomedy/,independent,nyc-comedy-shows-2026-08-20,
false,Pure Chaos Comedy,Ros Bar,,Monday,weekly,,10:00 PM,Brek Gordon,Manhattan,https://www.instagram.com/kewlshrek/?img_index=1,independent,nyc-comedy-shows-2026-08-20,
true,Comedy at Alke Bar,Alke Bar,,Monday,weekly,,8:00 PM,Chris Brown,Harlem,https://www.instagram.com/chrisbrowncomedy/,independent,nyc-comedy-shows-2026-08-20,
true,Comedy Village,Comedy Village,,Monday,weekly,,7:00 PM,Ray Goots,Manhattan,https://www.instagram.com/comedyvillagenyc/,independent,nyc-comedy-shows-2026-08-20,
true,Comedy Village,Comedy Village,,Monday,weekly,,9:00 PM,Ray Goots,Manhattan,https://www.instagram.com/comedyvillagenyc/,independent,nyc-comedy-shows-2026-08-20,
false,Brownie Points,Flop House,,Monday,weekly,,9:00 PM,Demetrius Fields,Brooklyn,https://www.instagram.com/demetriusfields?igsh=cXM4NnVvcWZuN3Rr,independent,nyc-comedy-shows-2026-08-20,
false,Three Monkeys Comedy,Three Monkeys Bar,,Monday,weekly,,8:00 PM,Sheba Mason,Manhattan,https://www.instagram.com/sheba_mason/,club_house,nyc-comedy-shows-2026-08-20,
true,The Pear,Grisly Pear,,Monday,weekly,,8:00 PM,Jess,Manhattan,https://www.instagram.com/gpny_admin?igsh=ZmhxeTh2NTN5dW02,club_house,nyc-comedy-shows-2026-08-20,
true,The Pear,Grisly Pear,,Monday,weekly,,10:00 PM,Jess,Manhattan,https://www.instagram.com/gpny_admin?igsh=ZmhxeTh2NTN5dW02,club_house,nyc-comedy-shows-2026-08-20,
true,The Pear,Grisly Pear,,Monday,weekly,,11:59 PM,Jess,Manhattan,https://www.instagram.com/gpny_admin?igsh=ZmhxeTh2NTN5dW02,club_house,nyc-comedy-shows-2026-08-20,
true,House Show,The Comedy Shop,,Monday,weekly,,8:00 PM,Eddie,Manhattan,https://www.instagram.com/thecomedyshopvillage/,club_house,nyc-comedy-shows-2026-08-20,
true,House Show,The Comedy Shop,,Monday,weekly,,10:00 PM,Eddie,Manhattan,https://www.instagram.com/thecomedyshopvillage/,club_house,nyc-comedy-shows-2026-08-20,
false,Tiny Cupboard,Tiny Cupboard,,Monday,weekly,,10:00 PM,Matt and Amy,Brooklyn,https://www.instagram.com/thetinycupboard/,club_house,nyc-comedy-shows-2026-08-20,
true,The Pear Midtown,Grisly Pear,,Monday,weekly,,7:30 PM,Jess,Manhattan,https://www.instagram.com/gpny_admin?igsh=ZmhxeTh2NTN5dW02,club_house,nyc-comedy-shows-2026-08-20,
true,The Pear Midtown,Grisly Pear,,Monday,weekly,,9:30 PM,Jess,Manhattan,https://www.instagram.com/gpny_admin?igsh=ZmhxeTh2NTN5dW02,club_house,nyc-comedy-shows-2026-08-20,
true,House Show,St Marks Comedy Club,,Monday,weekly,,7:30 PM,Alex Carabano,Manhattan,https://www.instagram.com/stmarkscomedyclub/?hl=en,club_house,nyc-comedy-shows-2026-08-20,
true,House Show,St Marks Comedy Club,,Monday,weekly,,9:30 PM,Alex Carabano,Manhattan,https://www.instagram.com/stmarkscomedyclub/?hl=en,club_house,nyc-comedy-shows-2026-08-20,
true,Ambush Comedy,DM for Location,,Tuesday,weekly,,7:00 PM,Brittnay Cardwell and David Piccolomini,Brooklyn,https://www.instagram.com/ambushcomedy/,independent,nyc-comedy-shows-2026-08-20,DM for location/address
true,Artichoke Comedy,Artichoke pizza bk (18 wyckoff ave),18 wyckoff ave,Tuesday,weekly,,8:00 PM,@artichokecomedy on ig for stage time,Brooklyn,artichoke comedy on IG,independent,nyc-comedy-shows-2026-08-20,
false,Bushwicks Finest,Tiny Cupboard (church),church,Tuesday,weekly,,8:00 PM,Matt and Amy,Brooklyn,https://www.instagram.com/thetinycupboard/,independent,nyc-comedy-shows-2026-08-20,
true,Roofless,Greenich Village,,Tuesday,weekly,,9:30 PM,Erik Bransteen,Manhattan,https://www.instagram.com/erikbcomic/,independent,nyc-comedy-shows-2026-08-20,
false,Poppy Cock,The Slipper Room,,Tuesday,weekly,,8:00 PM,Mikala Lee,Manhattan,https://www.instagram.com/mikalalk/,independent,nyc-comedy-shows-2026-08-20,
true,Red Room Comedy,KGB Bar,,Tuesday,weekly,,8:00 PM,Emily Wilson,Manhattan,https://www.instagram.com/therealemilywilson/,independent,nyc-comedy-shows-2026-08-20,
true,Big Wave Comedy,Ten Degrees Bar,,Tuesday,weekly,,7:30 PM,Drew Bleekler and Alex Aroson,Manhattan,https://www.instagram.com/bigwavecomedy/,independent,nyc-comedy-shows-2026-08-20,
true,Keep it Casual,Hart Bar,,Tuesday,weekly,,8:00 PM,Christian Kaiser & Laura Rankin,Brooklyn,https://www.instagram.com/keepitcasual_comedy/,independent,nyc-comedy-shows-2026-08-20,
true,Aggressively Chill,Goldsound Bar,,Tuesday,weekly,,8:30 PM,Dean David and Alex Pischera,Brooklyn,https://instagram.com/aggressivelychillcomedy?igshid=YmMyMTA2M2Y=,independent,nyc-comedy-shows-2026-08-20,
false,Sala Con Fuego,Salsa Con Feugo,,Tuesday,weekly,,9:30 PM,Rob Stapleton,Bronx,https://www.instagram.com/robstapleton/,independent,nyc-comedy-shows-2026-08-20,
false,Ripe Jokes,West Side Comedy Club,,Tuesday,weekly,,8:00 PM,Felicia Madison,Manhattan,https://www.instagram.com/feliciamadisoncomedian/,independent,nyc-comedy-shows-2026-08-20,
false,The Pear Midtown,Grisly Pear,,Tuesday,weekly,,8:00 PM,Jess,Manhattan,https://www.instagram.com/gpny_admin?igsh=ZmhxeTh2NTN5dW02,independent,nyc-comedy-shows-2026-08-20,
false,The Pear Midtown,Grisly Pear,,Tuesday,weekly,,10:00 PM,Jess,Manhattan,https://www.instagram.com/gpny_admin?igsh=ZmhxeTh2NTN5dW02,independent,nyc-comedy-shows-2026-08-20,
false,New Kids Comedy,Flop House,,Tuesday,monthly,,8:00 PM,Greg Melly and Jaclyn Lore,Brooklyn,https://www.instagram.com/newkidscomedy/,independent,nyc-comedy-shows-2026-08-20,
false,Too Funny Tuesdays,Comedy in Harlem,,Tuesday,weekly,,8:00 PM,Lenard Outz,Harlem,https://www.instagram.com/ouztsyy?igsh=MXU2eHRxNzI0aWIyNg==,independent,nyc-comedy-shows-2026-08-20,
true,DownBad Comedy,Gamma Lounge,,Tuesday,weekly,,7:30 PM,Corey Yoskowits,Manhattan,https://www.instagram.com/downbadcomedyshow?igsh=MWI1d3k1OXJ6ZWxweA==,independent,nyc-comedy-shows-2026-08-20,
false,The Hostel Show,The H,,Tuesday,weekly,,930,Brian Kim and Max May,Harlem,https://www.instagram.com/maxmaymm?igsh=dDVjbHlsandkYmRo,independent,nyc-comedy-shows-2026-08-20,
false,The Apartment Show,Bedford Apartment,,Tuesday,monthly,,8:30 PM,Grace Lobo,Brooklyn,https://www.instagram.com/gklobo?igsh=MnRqMnpwYmlxZDR6,independent,nyc-comedy-shows-2026-08-20,
true,Drag The Beat,Cobra Club,,Tuesday,weekly,,8:00 PM,Mason Boudrye & Erin Depke,Brooklyn,https://www.instagram.com/dragthebeatshow/,independent,nyc-comedy-shows-2026-08-20,
true,Let's see what else?,Lucky Jacks,,Tuesday,weekly,,7:30 PM,@courtmaginnis and @tomdnyc,Manhattan,https://www.instagram.com/whatelsecomedy/,independent,nyc-comedy-shows-2026-08-20,
true,Wild Card Comedy Show,Alphaville,,Tuesday,weekly,,8:00 PM,Zahid Dewji & Napoleon Emill,Brooklyn,https://www.instagram.com/wildcardcomedyshow/,independent,nyc-comedy-shows-2026-08-20,
true,The Pear,Grisly Pear,,Tuesday,weekly,,8:00 PM,Jess,Manhattan,https://www.instagram.com/gpny_admin?igsh=ZmhxeTh2NTN5dW02,club_house,nyc-comedy-shows-2026-08-20,
true,The Pear,Grisly Pear,,Tuesday,weekly,,10:00 PM,Jess,Manhattan,https://www.instagram.com/gpny_admin?igsh=ZmhxeTh2NTN5dW02,club_house,nyc-comedy-shows-2026-08-20,
false,House Show,Tiny Cupboard,,Tuesday,weekly,,8:00 PM,Matt and Amy,Brooklyn,https://www.instagram.com/thetinycupboard/,club_house,nyc-comedy-shows-2026-08-20,
true,Best of Brooklyn,Tiny Cupboard,,Tuesday,weekly,,8:00 PM,Matt and Amy,Brooklyn,https://www.instagram.com/thetinycupboard/,club_house,nyc-comedy-shows-2026-08-20,
true,Best of Brooklyn,Tiny Cupboard,,Tuesday,weekly,,9:30 PM,Matt and Amy,Brooklyn,https://www.instagram.com/thetinycupboard/,club_house,nyc-comedy-shows-2026-08-20,
false,Comedy Village,Comedy Village,,Tuesday,weekly,,8:00 PM,Ray Goots,Manhattan,https://www.instagram.com/comedyvillagenyc/,club_house,nyc-comedy-shows-2026-08-20,
false,Comedy Village,Comedy Village,,Tuesday,weekly,,10:00 PM,Ray Goots,Manhattan,https://www.instagram.com/comedyvillagenyc/,club_house,nyc-comedy-shows-2026-08-20,
false,House Show,St Marks Comedy Club,,Tuesday,weekly,,8:00 PM,Johnny Doran,Manhattan,https://www.instagram.com/stmarkscomedyclub/?hl=en,club_house,nyc-comedy-shows-2026-08-20,
false,House Show,St Marks Comedy Club,,Tuesday,weekly,,10:00 PM,Johnny Doran,Manhattan,https://www.instagram.com/stmarkscomedyclub/?hl=en,club_house,nyc-comedy-shows-2026-08-20,
false,House Show,The Comedy Shop,,Tuesday,weekly,,8:00 PM,Joe Russel,Manhattan,https://www.instagram.com/jokesrussell/,club_house,nyc-comedy-shows-2026-08-20,
false,House Show,The Comedy Shop,,Tuesday,weekly,,10:00 PM,Joe Russel,Manhattan,https://www.instagram.com/jokesrussell/,club_house,nyc-comedy-shows-2026-08-20,
false,Brookyn Underground Comedy,Arrogant Swine,,Wednesday,weekly,,7:30 PM,Laura Sogar and Rachel Lander,Brooklyn,https://www.instagram.com/brooklynundergroundcomedy/,independent,nyc-comedy-shows-2026-08-20,
false,Three Monkeys Comedy,Three Monkeys,,Wednesday,weekly,,8:00 PM,Sheba Mason,Manhattan,https://www.instagram.com/sheba_mason/,independent,nyc-comedy-shows-2026-08-20,
true,Stankfacecomedy,Star Barr,,Wednesday,weekly,,7:30 PM,Simon U.,Brooklyn,https://www.instagram.com/simonuforreal/,independent,nyc-comedy-shows-2026-08-20,
true,Let's See What's Happens,Poco,,Wednesday,weekly,,8:00 PM,Courtney MaGinnis and Tom Delgado,Manhattan,https://instagram.com/whatelsecomedy?utm_medium=copy_link,independent,nyc-comedy-shows-2026-08-20,
false,Secret Show,Pig Beach,,Wednesday,monthly,,8:00 PM,Nimesh Patel and Reggie Conquest,Brooklyn,https://www.instagram.com/lafawnduhnyc/,independent,nyc-comedy-shows-2026-08-20,
false,Good Eggs,New York Comedy Club,,Wednesday,monthly,,8:00 PM,Lafawnda and Ali Fishburne,Manhattan,https://www.instagram.com/lafawnduhnyc/,independent,nyc-comedy-shows-2026-08-20,
true,Comics You Should Know,The Gutter,,Wednesday,weekly,,8:00 PM,"David Drake, Mike Lebovits",Brooklyn,https://www.instagram.com/cysknyc/,independent,nyc-comedy-shows-2026-08-20,
false,Horse Play,Le District,,Wednesday,pop_up,,8:00 PM,Khalil Walker,Manhattan,https://www.instagram.com/horseplaycomedy/,pop_up,nyc-comedy-shows-2026-08-20,
false,UG COMEDY SHOW,ADORO LEI,,Wednesday,weekly,,8:30 PM,Todd Montesi,Manhattan,https://www.instagram.com/ug.comedy/,independent,nyc-comedy-shows-2026-08-20,
false,Pure Chaos Comedy,Saint Vitus Bar,,Wednesday,monthly,,9:00 PM,Breck Gordon,Brooklyn,https://www.instagram.com/purechaoscomedy/,independent,nyc-comedy-shows-2026-08-20,
false,Ambush Comedy,Ebb's Brewing Co,,Wednesday,weekly,,8:00 PM,"Josh Johnson, Brittney Cardwell, Lucas Connolly",Brooklyn,https://instagram.com/ambushcomedy?igshid=OGQ5ZDc2ODk2ZA==,independent,nyc-comedy-shows-2026-08-20,
true,We Have fun Comedy Show,Young Ethals,,Wednesday,weekly,,7:30 PM,Dan Wilbur & Zach Sims,Brooklyn,https://www.instagram.com/danwilburcomedy/,independent,nyc-comedy-shows-2026-08-20,
false,Punching Bag Comedy,O'Keefe's Bar & Grill,,Wednesday,weekly,,8:00 PM,Damon Millard,Brooklyn,https://www.instagram.com/millardcomedy/,independent,nyc-comedy-shows-2026-08-20,
false,Not a Boy or Girl Comedy,Mood Ring,,Wednesday,monthly,,8:00 PM,William Morrison,Brooklyn,https://www.instagram.com/wamorrison95/,independent,nyc-comedy-shows-2026-08-20,
false,Professional Unprofessional,The Perry Club,,Wednesday,weekly,,8:00 PM,Greg Girlado Jr and Zoe Levy,Manhattan,https://www.instagram.com/greggiraldojr?igsh=M2R3aDU3MTZka3Nj,independent,nyc-comedy-shows-2026-08-20,
false,Momma Boy,DM Location,,Wednesday,weekly,,7:00 PM,Jared Schwartz,Manhattan,https://www.instagram.com/thekidjared/,independent,nyc-comedy-shows-2026-08-20,DM for location/address
false,School Night Comedy,The Stand,,Wednesday,monthly,,8:00 PM,Kitty Reynolds and Tore Cole,Manhattan,https://www.instagram.com/schoolnightcomedy_?igsh=MTdxeno4emV0ZjN0aQ==,independent,nyc-comedy-shows-2026-08-20,
false,White Guy Wednesday,Colakicks,,Wednesday,weekly,,8:00 PM,Chase and Katie,Manhattan,https://www.instagram.com/whiteguywednesdays?igsh=MW5oMGllb2UydmJzZA==,independent,nyc-comedy-shows-2026-08-20,
true,Flash Comedy,Mood Ring,,Wednesday,bi_weekly,,8:00 PM,"Temi Adeoye, Claire Parker, and Audrey Black",Brooklyn,https://www.instagram.com/flashcomedyshow/?hl=en,independent,nyc-comedy-shows-2026-08-20,
false,Comedy Village,Comedy Village,,Wednesday,weekly,,8:00 PM,Ray Goots,Manhattan,https://www.instagram.com/comedyvillagenyc/,club_house,nyc-comedy-shows-2026-08-20,
false,Comedy Village,Comedy Village,,Wednesday,weekly,,10:00 PM,Ray Goots,Manhattan,https://www.instagram.com/comedyvillagenyc/,club_house,nyc-comedy-shows-2026-08-20,
false,House Show,St Marks Comedy Club,,Wednesday,weekly,,8:00 PM,Alex Carabano,Manhattan,https://www.instagram.com/stmarkscomedyclub/?hl=en,club_house,nyc-comedy-shows-2026-08-20,
false,House Show,St Marks Comedy Club,,Wednesday,weekly,,10:00 PM,Alex Carabano,Manhattan,https://www.instagram.com/stmarkscomedyclub/?hl=en,club_house,nyc-comedy-shows-2026-08-20,
false,The Pear Midtown,Grisly Pear,,Wednesday,weekly,,8:00 PM,Jess,Manhattan,https://www.instagram.com/gpny_admin?igsh=ZmhxeTh2NTN5dW02,club_house,nyc-comedy-shows-2026-08-20,
false,The Pear Midtown,Grisly Pear,,Wednesday,weekly,,10:00 PM,Jess,Manhattan,https://www.instagram.com/gpny_admin?igsh=ZmhxeTh2NTN5dW02,club_house,nyc-comedy-shows-2026-08-20,
false,Bushwicks Finest,Tiny Cupboard (church),church,Wednesday,weekly,,8:00 PM,Matt and Amy,Brooklyn,https://www.instagram.com/thetinycupboard/,club_house,nyc-comedy-shows-2026-08-20,
true,Best of Brooklyn,Tiny Cupboard,,Wednesday,weekly,,8:00 PM,Matt and Amy,Brooklyn,https://www.instagram.com/thetinycupboard/,club_house,nyc-comedy-shows-2026-08-20,
true,Best of Brooklyn,Tiny Cupboard,,Wednesday,weekly,,9:30 PM,Matt and Amy,Brooklyn,https://www.instagram.com/thetinycupboard/,club_house,nyc-comedy-shows-2026-08-20,
true,House Show,The Comedy Shop,,Wednesday,weekly,,8:00 PM,Joe Russel,Manhattan,https://www.instagram.com/jokesrussell/,club_house,nyc-comedy-shows-2026-08-20,
true,The Pear,Grisly Pear,,Wednesday,weekly,,8:00 PM,Jess,Manhattan,https://www.instagram.com/gpny_admin?igsh=ZmhxeTh2NTN5dW02,club_house,nyc-comedy-shows-2026-08-20,
true,The Pear,Grisly Pear,,Wednesday,weekly,,10:00 PM,Jess,Manhattan,https://www.instagram.com/gpny_admin?igsh=ZmhxeTh2NTN5dW02,club_house,nyc-comedy-shows-2026-08-20,
false,Bomb Shelter Comedy,Gaf West Bar,,Thursday,weekly,,8:00 PM,Jeff Cerulli and Matthew Azaark,Manhattan,https://www.instagram.com/bombsheltercomedyshow/,independent,nyc-comedy-shows-2026-08-20,
false,Lover Boyz Comedy,Easy Lover Bar,,Thursday,weekly,,7:00 PM,Sean Zorn and Colin Rankin,Brooklyn,https://www.instagram.com/loverboyzcomedy/,independent,nyc-comedy-shows-2026-08-20,
false,Pure Chaos,Easy Lover Bar,,Thursday,bi_weekly,,9:00 PM,Kewl Shrek,Brooklyn,https://www.instagram.com/purechaoscomedy/,independent,nyc-comedy-shows-2026-08-20,
true,Barbershop Show,The Barbershop,,Thursday,weekly,,8:30 PM,Ronnie Lordi,Manhattan,https://instagram.com/theronnieshow?utm_medium=copy_link,independent,nyc-comedy-shows-2026-08-20,
false,Comedy Island,Cafe Balearica,,Thursday,weekly,,8:00 PM,Harshil,Brooklyn,https://www.instagram.com/shoeclaw/,independent,nyc-comedy-shows-2026-08-20,
false,UG! COMEDY,(DM Locatioins,,Thursday,weekly,,8:00 PM,Todd Montesi,Manhattan,https://www.instagram.com/ug.comedy/,independent,nyc-comedy-shows-2026-08-20,DM for location/address
true,Xo Comedy Show,The Comedy Shop,,Thursday,monthly,,8:00 PM,Frankie and Derrell Meyers,Manhattan,https://www.instagram.com/frankiedoescomedy/,independent,nyc-comedy-shows-2026-08-20,
false,Infinite Jokes,St Marks Comedy Club,,Thursday,weekly,,10:00 PM,Jasmine and Eli,Manhattan,https://www.instagram.com/_infinitejokes_/,independent,nyc-comedy-shows-2026-08-20,
true,Dropout Outs Comedy,Gamma Lounge,,Thursday,weekly,,9:00 PM,Joe Levy and Ethan Terzi,Manhattan,https://www.instagram.com/dropouts.comedy/,independent,nyc-comedy-shows-2026-08-20,
true,Dumb Funny,BrightSide Tavern,,Thursday,monthly,,7:30 PM,Earney Osuna,New Jersey,https://www.instagram.com/earneyosuna/,independent,nyc-comedy-shows-2026-08-20,
true,Chud City,St Marks Comedy Club,,Thursday,monthly,,10:00 PM,Amanda Baez,Manhattan,https://www.instagram.com/chudcitycomedy/,independent,nyc-comedy-shows-2026-08-20,
true,Slander Factory,Talon Bar,,Thursday,weekly,,8:00 PM,Marty and Greg,Brooklyn,https://www.instagram.com/slanderfactory?igsh=MXJnYmJlNjIzZ2M0dw==,independent,nyc-comedy-shows-2026-08-20,
true,The Good Mood Show,Von Bar,,Thursday,bi_weekly,,8:00 PM,Diego and David,Manhattan,https://www.instagram.com/goodmoodnyc?igsh=OWtvd2VsOW4yb2dh,independent,nyc-comedy-shows-2026-08-20,
true,Savage Comedy,Logan's Run,,Thursday,weekly,,8:00 PM,"Lizzie, Nonye, Mellissa, and Chloe",Brooklyn,https://www.instagram.com/savagecomedythursdays?igsh=ejZjNWp3ZDIwdTRj,independent,nyc-comedy-shows-2026-08-20,
true,Tight Pants,Shop/ St Marks,,Thursday,bi_weekly,,8:00 PM,Kyle Wayne and JohnBennet,Manhattan,https://www.instagram.com/tightpantscomedy/,independent,nyc-comedy-shows-2026-08-20,
true,Smash Comedy,Hotel Queens,,Thursday,weekly,,8:00 PM,Roynce Winner,Queens,https://www.instagram.com/smashcomedyshow/,independent,nyc-comedy-shows-2026-08-20,
false,Overlook Comedy,225 E 44,,Thursday,weekly,,8:00 PM,Mark Vegas,Manhattan,https://www.instagram.com/markvegas_/,independent,nyc-comedy-shows-2026-08-20,
false,Laugh Alot 45,Lot 45,,Thursday,weekly,,8:00 PM,Various Bookers,Manhattan,https://www.instagram.com/laughalotcomedynyc/,independent,nyc-comedy-shows-2026-08-20,
false,Elite Art Only,L’Wren,,Thursday,weekly,,8:00 PM,Andre Myre,Brooklyn,https://www.instagram.com/andremyriecomedy/,independent,nyc-comedy-shows-2026-08-20,
true,Golden Spiral Comedy,Whiskey Cellar,,Thursday,monthly,,8:00 PM,Katie Compa and Mindy Raf,Manhattan,https://www.instagram.com/goldenspiralcomedy/,independent,nyc-comedy-shows-2026-08-20,
false,Stone Street Comedy,Becketts Sports Bar,,Thursday,weekly,,8:00 PM,(DM) Ghost,Manhattan,https://www.instagram.com/thestonestreetcomedyhour/,independent,nyc-comedy-shows-2026-08-20,
false,FRIENDS with Aldo & Olivia,The Stand (upstairs),upstairs,Thursday,monthly,,9:00 PM,Aldo Compana and Olivia Carter,Manhattan,@aldo.campana and @ogcarter,independent,nyc-comedy-shows-2026-08-20,
false,Dough,Fini Pizza,,Thursday,weekly,,8:00 PM,@jasonmaxwellcomedy,Brooklyn,https://www.instagram.com/doughcomedyshow/,independent,nyc-comedy-shows-2026-08-20,
false,Skitsburg,Pinebox Rock Shop,,Thursday,weekly,,7:00 PM,@teddydinner,Brooklyn,https://www.instagram.com/skitsburg/,independent,nyc-comedy-shows-2026-08-20,
true,Situation Comedy,Grove 34,,Thursday,monthly,,9:30 PM,"Josh, Joe, Cyrus",Brooklyn,https://www.instagram.com/sitcomnyc,independent,nyc-comedy-shows-2026-08-20,
true,Comedy in Harlem,Comedy in Harlem,,Thursday,monthly,monthly 3rd Thursday,8:00 PM,Smokey Suarez,Manhattan,https://www.instagram.com/smokeysuarez/,independent,nyc-comedy-shows-2026-08-20,
false,Three Monkeys,Three Monkeys Bar,,Thursday,weekly,,8:00 PM,Sheba Mason,Manhattan,https://www.instagram.com/sheba_mason/,club_house,nyc-comedy-shows-2026-08-20,
true,The Pear,Grisly Pear,,Thursday,weekly,,10:00 PM,Jess,Manhattan,https://www.instagram.com/gpny_admin?igsh=ZmhxeTh2NTN5dW02,club_house,nyc-comedy-shows-2026-08-20,
false,Sesh Comedy,140 Eldridge Street,,Thursday,weekly,,8:30 AM,Dave Hogsett,Manhattan,https://www.instagram.com/seshcomedy/,club_house,nyc-comedy-shows-2026-08-20,
false,Sesh Comedy,140 Eldridge Street,,Thursday,weekly,,9:30 PM,Dave Hogsett,Manhattan,https://www.instagram.com/seshcomedy/,club_house,nyc-comedy-shows-2026-08-20,
true,House Show,The Comedy Shop,,Thursday,weekly,,8:00 PM,Eddie and Ted Jones,Manhattan,https://www.instagram.com/thecomedyshopvillage/,club_house,nyc-comedy-shows-2026-08-20,
true,Best of Brooklyn,Tiny Cupboard,,Thursday,weekly,,8:30 PM,Matt and Amy,Brooklyn,https://www.instagram.com/thetinycupboard/,club_house,nyc-comedy-shows-2026-08-20,
true,Best of Brooklyn,Tiny Cupboard,,Thursday,weekly,,10:00 PM,Matt and Amy,Brooklyn,https://www.instagram.com/thetinycupboard/,club_house,nyc-comedy-shows-2026-08-20,
false,The Pear Midtown,Grisly Pear,,Thursday,weekly,,8:00 PM,Jess,Manhattan,https://www.instagram.com/gpny_admin?igsh=ZmhxeTh2NTN5dW02,club_house,nyc-comedy-shows-2026-08-20,
false,The Pear Midtown,Grisly Pear,,Thursday,weekly,,10:00 PM,Jess,Manhattan,https://www.instagram.com/gpny_admin?igsh=ZmhxeTh2NTN5dW02,club_house,nyc-comedy-shows-2026-08-20,
false,House Show,St Marks Comedy Club,,Thursday,weekly,,8:00 PM,Johnny Doran,Manhattan,https://www.instagram.com/stmarkscomedyclub/?hl=en,club_house,nyc-comedy-shows-2026-08-20,
false,House Show,St Marks Comedy Club,,Thursday,weekly,,10:00 PM,Johnny Doran,Manhattan,https://www.instagram.com/stmarkscomedyclub/?hl=en,club_house,nyc-comedy-shows-2026-08-20,
false,Comedy Village,Comedy Village,,Thursday,weekly,,8:00 PM,Ray Goots,Manhattan,https://www.instagram.com/comedyvillagenyc/,club_house,nyc-comedy-shows-2026-08-20,
false,Comedy Village,Comedy Village,,Thursday,weekly,,10:00 PM,Ray Goots,Manhattan,https://www.instagram.com/comedyvillagenyc/,club_house,nyc-comedy-shows-2026-08-20,
false,Flop House,Flop House,,Thursday,weekly,,8:00 PM,Nick Hopping,Brooklyn,https://www.instagram.com/flophousecomedyclub/,club_house,nyc-comedy-shows-2026-08-20,
false,Flop House,Flop House,,Thursday,weekly,,10:00 PM,Nick Hopping,Brooklyn,https://www.instagram.com/flophousecomedyclub/,club_house,nyc-comedy-shows-2026-08-20,
true,Barbershop Show,The Barbershop,,Friday,weekly,,8:30 PM,Ronnie Lordi,Manhattan,https://instagram.com/theronnieshow?utm_medium=copy_link,independent,nyc-comedy-shows-2026-08-20,
true,Barbershop Show,The Barbershop,,Friday,weekly,,10:00 PM,Ronnie Lordi,Manhattan,https://instagram.com/theronnieshow?utm_medium=copy_link,independent,nyc-comedy-shows-2026-08-20,
true,Black Cat Friday's,Black Cat LES,,Friday,weekly,,9:00 PM,Danny Palmer,Manhattan,https://instagram.com/dannypalmernyc?utm_medium=copy_link,independent,nyc-comedy-shows-2026-08-20,
true,The Pregame,BK Rooftop,,Friday,bi_weekly,,9:00 PM,Spencer Wright and Brent Birnbuam,Brooklyn,https://instagram.com/thepregamecomedy?utm_medium=copy_link,independent,nyc-comedy-shows-2026-08-20,
false,Underground Overground,DM for location,,Friday,weekly,,8:00 PM,David Levin and Ethan Mansoor,Brooklyn / Manhattan,https://instagram.com/comedy.uo?utm_medium=copy_link,independent,nyc-comedy-shows-2026-08-20,DM for location/address
false,UG COMEDY SHOW,Adoro Lei,,Friday,weekly,,9:30 AM,Todd Montesi,Manhattan,https://www.instagram.com/ug.comedy/,independent,nyc-comedy-shows-2026-08-20,
false,Not the Apollo,Sugar Hill Cafe,,Friday,weekly,,7:30 PM,Dillion Stevenson and Omryan,Harlem,https://www.instagram.com/nottheapollo/,independent,nyc-comedy-shows-2026-08-20,
true,Bitches Brew,Halyards,,Friday,weekly,,8:30 PM,Denise Taylor and Naomi Karavani,Manhattan,https://www.instagram.com/bitchesbrewcomedy/,independent,nyc-comedy-shows-2026-08-20,
false,UG! COMEDY,(DM Locatioins,,Friday,weekly,,8:00 PM,Todd Montesi,Manhattan,https://www.instagram.com/ug.comedy/,independent,nyc-comedy-shows-2026-08-20,DM for location/address
false,UG! COMEDY,(DM Locatioins,,Friday,weekly,,10:00 PM,Todd Montesi,Manhattan,https://www.instagram.com/ug.comedy/,independent,nyc-comedy-shows-2026-08-20,DM for location/address
false,No Ceilings,DM for location,,Friday,monthly,,8:00 PM,"Jonas ,Jatty, and Reggie Conquest",Brooklyn,https://www.instagram.com/noceilingscomedy?igsh=MWRidnFreWZuOWJsYg==,independent,nyc-comedy-shows-2026-08-20,DM for location/address
true,Boyz in the Woodz,Friends and lovers,,Friday,weekly,,8:00 PM,"Tawanda, Gabe, and Kenice",Brooklyn,https://www.instagram.com/boyzinthewoodsny?igsh=MWZteDloN2ZnMjRzZA==,independent,nyc-comedy-shows-2026-08-20,
true,Betta Not Bring Ya Kids,Comedy in Harlem,,Friday,weekly,,10:30 AM,Rashad Bashir,Harlem,https://www.instagram.com/rbashir_comedy?igsh=cjN0aTdydzVuNml4,independent,nyc-comedy-shows-2026-08-20,
true,Bomb Shelter Comedy,Gaf West Bar,,Friday,weekly,,8:00 PM,Jeff Cerulli and Matthew Azaark,Manhattan,https://www.instagram.com/bombsheltercomedyshow/,independent,nyc-comedy-shows-2026-08-20,
true,Flop House,Flop House,,Friday,weekly,,8:00 PM,Nick Hopping,Brooklyn,https://www.instagram.com/flophousecomedyclub/,club_house,nyc-comedy-shows-2026-08-20,
true,Flop House,Flop House,,Friday,weekly,,9:30 PM,Nick Hopping,Brooklyn,https://www.instagram.com/flophousecomedyclub/,club_house,nyc-comedy-shows-2026-08-20,
true,Flop House,Flop House,,Friday,weekly,,10:00 PM,Nick Hopping,Brooklyn,https://www.instagram.com/flophousecomedyclub/,club_house,nyc-comedy-shows-2026-08-20,
true,House Show,St Marks Comedy Club,,Friday,weekly,,8:30 PM,Johnny Doran,Manhattan,https://www.instagram.com/stmarkscomedyclub/?hl=en,club_house,nyc-comedy-shows-2026-08-20,
true,House Show,St Marks Comedy Club,,Friday,weekly,,10:30 PM,Johnny Doran,Manhattan,https://www.instagram.com/stmarkscomedyclub/?hl=en,club_house,nyc-comedy-shows-2026-08-20,
true,Best of Brooklyn,Tiny Cupboard,,Friday,weekly,,7:00 PM,Matt and Amy,Brooklyn,https://www.instagram.com/thetinycupboard/,club_house,nyc-comedy-shows-2026-08-20,
true,Best of Brooklyn,Tiny Cupboard,,Friday,weekly,,8:30 PM,Matt and Amy,Brooklyn,https://www.instagram.com/thetinycupboard/,club_house,nyc-comedy-shows-2026-08-20,
true,Best of Brooklyn,Tiny Cupboard,,Friday,weekly,,10:15 PM,Matt and Amy,Brooklyn,https://www.instagram.com/thetinycupboard/,club_house,nyc-comedy-shows-2026-08-20,
true,House Show,The Comedy Shop,,Friday,weekly,,8:00 PM,Eddie and Ted Jones,Manhattan,https://www.instagram.com/thecomedyshopvillage/,club_house,nyc-comedy-shows-2026-08-20,
true,House Show,The Comedy Shop,,Friday,weekly,,10:00 PM,Eddie and Ted Jones,Manhattan,https://www.instagram.com/thecomedyshopvillage/,club_house,nyc-comedy-shows-2026-08-20,
false,St Marks Comedy Club,St Marks,,Friday,weekly,,8:00 PM,Alex Caribano,Manhattan,https://www.instagram.com/stmarkscomedyclub/,club_house,nyc-comedy-shows-2026-08-20,
true,Tiny Cupboard (church),Tiny Cupboard (church),church,Friday,weekly,,7:00 PM,Matt and Amy,Brooklyn,https://www.instagram.com/thetinycupboard/,club_house,nyc-comedy-shows-2026-08-20,
true,Tiny Cupboard (church),Tiny Cupboard (church),church,Friday,weekly,,8:30 PM,Matt and Amy,Brooklyn,https://www.instagram.com/thetinycupboard/,club_house,nyc-comedy-shows-2026-08-20,
true,Tiny Cupboard (church),Tiny Cupboard (church),church,Friday,weekly,,10:15 PM,Matt and Amy,Brooklyn,https://www.instagram.com/thetinycupboard/,club_house,nyc-comedy-shows-2026-08-20,
false,Three Monkeys Show,Three Monkeys Bar,,Friday,weekly,,7:00 PM,Sheba Mason,Manhattan,https://www.instagram.com/sheba_mason/,club_house,nyc-comedy-shows-2026-08-20,
false,Three Monkeys Show,Three Monkeys Bar,,Friday,weekly,,9:00 PM,Sheba Mason,Manhattan,https://www.instagram.com/sheba_mason/,club_house,nyc-comedy-shows-2026-08-20,
false,Broadway Comedy,Upstairs Broadway Coemdy Club,,Friday,weekly,,8:00 PM,Erik Bransteen,Manhattan,https://www.instagram.com/erikbcomic/,club_house,nyc-comedy-shows-2026-08-20,
true,Sesh Comedy,140 Eldridge Street,,Friday,weekly,,8:30 AM,Dave Hogsett,Manhattan,https://www.instagram.com/seshcomedy/,club_house,nyc-comedy-shows-2026-08-20,
true,Sesh Comedy,140 Eldridge Street,,Friday,weekly,,10:00 PM,Dave Hogsett,Manhattan,https://www.instagram.com/seshcomedy/,club_house,nyc-comedy-shows-2026-08-20,
true,The Pear,Grisly Pear,,Friday,weekly,,8:00 PM,Jess,Manhattan,https://www.instagram.com/gpny_admin?igsh=ZmhxeTh2NTN5dW02,club_house,nyc-comedy-shows-2026-08-20,
true,The Pear,Grisly Pear,,Friday,weekly,,10:00 PM,Jess,Manhattan,https://www.instagram.com/gpny_admin?igsh=ZmhxeTh2NTN5dW02,club_house,nyc-comedy-shows-2026-08-20,
true,The Pear,Grisly Pear,,Friday,weekly,,11:59 PM,Jess,Manhattan,https://www.instagram.com/gpny_admin?igsh=ZmhxeTh2NTN5dW02,club_house,nyc-comedy-shows-2026-08-20,
true,Flop House Comedy,Flop House (Allen St),Allen St,Friday,weekly,,8:00 PM,Nick and Austin,Brooklyn,https://www.instagram.com/flophousecomedyclub/,club_house,nyc-comedy-shows-2026-08-20,
true,The Pear Midtown,Grisly Pear,,Friday,weekly,,7:30 PM,Jess,Manhattan,https://www.instagram.com/gpny_admin?igsh=ZmhxeTh2NTN5dW02,club_house,nyc-comedy-shows-2026-08-20,
true,The Pear Midtown,Grisly Pear,,Friday,weekly,,9:30 PM,Jess,Manhattan,https://www.instagram.com/gpny_admin?igsh=ZmhxeTh2NTN5dW02,club_house,nyc-comedy-shows-2026-08-20,
false,Purple Park Comedy,Astoria Park,,Saturday,weekly,,4:00 PM,Meka Mo,Queens,https://www.instagram.com/purpleparkcomedy/,independent,nyc-comedy-shows-2026-08-20,
true,The Barbershop Show,The Barbershop,,Saturday,weekly,,8:00 AM,Ronnie Lordi,Manhattan,https://instagram.com/theronnieshow?utm_medium=copy_link,independent,nyc-comedy-shows-2026-08-20,
true,The Barbershop Show,The Barbershop,,Saturday,weekly,,9:30 PM,Ronnie Lordi,Manhattan,https://instagram.com/theronnieshow?utm_medium=copy_link,independent,nyc-comedy-shows-2026-08-20,
false,Comedic Distancing,Producers Club,,Saturday,bi_weekly,,8:00 PM,Evan Wimberly,Manhattan,https://www.instagram.com/evan_wimberly_/,independent,nyc-comedy-shows-2026-08-20,
false,Nice One Comedy,LIC,,Saturday,bi_weekly,,8:00 PM,Michael Lee,Queens,https://www.instagram.com/niceonecomedy/,independent,nyc-comedy-shows-2026-08-20,
false,Haunted House Comedy,Goots House,,Saturday,weekly,,5:00 PM,Ray Goots,Queens,https://www.instagram.com/hauntedhousecomedy/,independent,nyc-comedy-shows-2026-08-20,
false,Comics You Should Know,The Gutter,,Saturday,weekly,,8:00 PM,"David Drake, Mike Lebovits, Jack Comstock, Carmen Lagala",Brooklyn,https://www.instagram.com/cysknyc/,independent,nyc-comedy-shows-2026-08-20,
false,Comics You Should Know,The Gutter,,Saturday,weekly,,10:30 AM,"David Drake, Mike Lebovits, Jack Comstock, Carmen Lagala",Brooklyn,https://www.instagram.com/cysknyc/,independent,nyc-comedy-shows-2026-08-20,
true,Sesh Comedy,140 Eldridge Street,,Saturday,weekly,,8:30 PM,Dave Hogsett,Manhattan,https://www.instagram.com/seshcomedy/,independent,nyc-comedy-shows-2026-08-20,
true,Sesh Comedy,140 Eldridge Street,,Saturday,weekly,,10:00 PM,Dave Hogsett,Manhattan,https://www.instagram.com/seshcomedy/,independent,nyc-comedy-shows-2026-08-20,
false,Washed Up Comedy,Laundry on Keap,,Saturday,weekly,,9:00 PM,Cooper Kim and Max Hornstien,Brooklyn,https://www.instagram.com/washedupcomedy/,independent,nyc-comedy-shows-2026-08-20,
false,Astigmatismcomedy,P& T Knitwear,,Saturday,monthly,,6:30 PM,Alexis Bradby and Kristal Williams,Manhattan,https://www.instagram.com/astigmatismcomedy/,independent,nyc-comedy-shows-2026-08-20,
false,Only friends Comedy,Tootles and French,,Saturday,weekly,,10:00 PM,Alexis Ramírez and David Bakker,Queens,https://www.instagram.com/onlyfriendscomedy_?igsh=MXBzMTYzZnIycWlscg==,independent,nyc-comedy-shows-2026-08-20,
false,Smash Comedy,Brujo Taco,,Saturday,weekly,,8:00 PM,Royce Winner,Brooklyn,https://www.instagram.com/smashcomedyshow?igsh=MWJodWZiM204Nmwwcw==,independent,nyc-comedy-shows-2026-08-20,
false,Elite Art Only Comedy Show,367 Bedford Ave,,Saturday,weekly,,8:00 PM,Andre Myre,Brooklyn,https://www.instagram.com/andremyriecomedy/,independent,nyc-comedy-shows-2026-08-20,
true,Picture This Comedy,Union Hall,,Saturday,monthly,,10:00 PM,,Brooklyn,https://www.instagram.com/picturethiscomedy/,independent,nyc-comedy-shows-2026-08-20,
false,Three Monkeys Comedy,Three Monkeys Bar,,Saturday,weekly,,7:00 PM,Sheba Mason,Manhattan,https://www.instagram.com/sheba_mason/,club_house,nyc-comedy-shows-2026-08-20,
false,Three Monkeys Comedy,Three Monkeys Bar,,Saturday,weekly,,9:00 PM,Sheba Mason,Manhattan,https://www.instagram.com/sheba_mason/,club_house,nyc-comedy-shows-2026-08-20,
true,Flop House,Flop House,,Saturday,weekly,,8:00 PM,Nick Hopping,Brooklyn,https://www.instagram.com/flophousecomedyclub/,club_house,nyc-comedy-shows-2026-08-20,
true,Flop House,Flop House,,Saturday,weekly,,9:30 PM,Nick Hopping,Brooklyn,https://www.instagram.com/flophousecomedyclub/,club_house,nyc-comedy-shows-2026-08-20,
true,Flop House,Flop House,,Saturday,weekly,,11:00 PM,Nick Hopping,Brooklyn,https://www.instagram.com/flophousecomedyclub/,club_house,nyc-comedy-shows-2026-08-20,
true,Best of Astoria,QED,,Saturday,monthly,,7:30 PM,Farzin and Sean,Queens,https://www.instagram.com/bestofastoriacomedyshow?igsh=aHNtMnhzb240YWkx,club_house,nyc-comedy-shows-2026-08-20,
true,Comedy in Harlem,Comedy in Harlem,,Saturday,weekly,,8:00 PM,Jamie Roberts,Manhattan,https://www.instagram.com/comedyinharlem/,club_house,nyc-comedy-shows-2026-08-20,Additional URL: https://instagram.com/comedianjamie?igshid=NTc4MTIwNjQ2YQ==
true,Comedy in Harlem,Comedy in Harlem,,Saturday,weekly,,10:30 PM,Jamie Roberts,Manhattan,https://www.instagram.com/comedyinharlem/,club_house,nyc-comedy-shows-2026-08-20,Additional URL: https://instagram.com/comedianjamie?igshid=NTc4MTIwNjQ2YQ==
true,House Show,The Comedy Shop,,Saturday,weekly,,8:00 PM,Eddie,Manhattan,https://www.instagram.com/thecomedyshopvillage/,club_house,nyc-comedy-shows-2026-08-20,
true,House Show,The Comedy Shop,,Saturday,weekly,,10:00 PM,Eddie,Manhattan,https://www.instagram.com/thecomedyshopvillage/,club_house,nyc-comedy-shows-2026-08-20,
true,Best of Brooklyn,Tiny Cupboard,,Saturday,weekly,,7:00 PM,Matt and Amy,Brooklyn,https://www.instagram.com/thetinycupboard/,club_house,nyc-comedy-shows-2026-08-20,
true,Best of Brooklyn,Tiny Cupboard,,Saturday,weekly,,8:30 PM,Matt and Amy,Brooklyn,https://www.instagram.com/thetinycupboard/,club_house,nyc-comedy-shows-2026-08-20,
true,Best of Brooklyn,Tiny Cupboard,,Saturday,weekly,,10:15 PM,Matt and Amy,Brooklyn,https://www.instagram.com/thetinycupboard/,club_house,nyc-comedy-shows-2026-08-20,
true,Flop House Comedy,Flop House (Grand St),Grand St,Saturday,weekly,,8:00 PM,Nick and Austin,Brooklyn,https://www.instagram.com/flophousecomedyclub/,club_house,nyc-comedy-shows-2026-08-20,
false,The Pear Midtown,Grisly Pear,,Saturday,weekly,,8:00 PM,Jess,Manhattan,https://www.instagram.com/gpny_admin?igsh=ZmhxeTh2NTN5dW02,club_house,nyc-comedy-shows-2026-08-20,
false,The Pear Midtown,Grisly Pear,,Saturday,weekly,,10:00 PM,Jess,Manhattan,https://www.instagram.com/gpny_admin?igsh=ZmhxeTh2NTN5dW02,club_house,nyc-comedy-shows-2026-08-20,
true,House Show,St Marks Comedy Club,,Saturday,weekly,,4:30 PM,Johnny Doran,Manhattan,https://www.instagram.com/stmarkscomedyclub/?hl=en,club_house,nyc-comedy-shows-2026-08-20,
true,House Show,St Marks Comedy Club,,Saturday,weekly,,8:30 PM,Johnny Doran,Manhattan,https://www.instagram.com/stmarkscomedyclub/?hl=en,club_house,nyc-comedy-shows-2026-08-20,
true,House Show,St Marks Comedy Club,,Saturday,weekly,,10:30 PM,Johnny Doran,Manhattan,https://www.instagram.com/stmarkscomedyclub/?hl=en,club_house,nyc-comedy-shows-2026-08-20,
false,Harlem Nights,Harlem Knights,,Saturday,weekly,,7:00 PM,Rashard Bashir,Harlem,https://www.instagram.com/rbashir_comedy/,club_house,nyc-comedy-shows-2026-08-20,
true,The Pear,Grisly Pear,,Saturday,weekly,,6:00 PM,Jess,Manhattan,https://www.instagram.com/gpny_admin?igsh=ZmhxeTh2NTN5dW02,club_house,nyc-comedy-shows-2026-08-20,
true,The Pear,Grisly Pear,,Saturday,weekly,,8:00 PM,Jess,Manhattan,https://www.instagram.com/gpny_admin?igsh=ZmhxeTh2NTN5dW02,club_house,nyc-comedy-shows-2026-08-20,
true,The Pear,Grisly Pear,,Saturday,weekly,,10:00 PM,Jess,Manhattan,https://www.instagram.com/gpny_admin?igsh=ZmhxeTh2NTN5dW02,club_house,nyc-comedy-shows-2026-08-20,
true,The Pear,Grisly Pear,,Saturday,weekly,,11:59 PM,Jess,Manhattan,https://www.instagram.com/gpny_admin?igsh=ZmhxeTh2NTN5dW02,club_house,nyc-comedy-shows-2026-08-20,
false,Comedy Ish Brunch,Shrine,,Sunday,weekly,,6:00 PM,Ishmail Gaynor,Harlem,https://www.instagram.com/comedyishproductions/,independent,nyc-comedy-shows-2026-08-20,
false,Roofless Comedy,Gowanus Dredgers Canoe Club,,Sunday,weekly,,5:30 PM,Harkeness Grandger,Brooklyn,https://instagram.com/harknessgranger?utm_medium=copy_link,independent,nyc-comedy-shows-2026-08-20,
false,Brookyln Underground Comedy,Mika,,Sunday,pop_up,,6:00 PM,Laura Sodar and Rachel Lander,Brooklyn,https://instagram.com/brooklynundergroundcomedy?utm_medium=copy_link,pop_up,nyc-comedy-shows-2026-08-20,
false,Barely Making It Comedy,The Tiny Cupboard,,Sunday,1st_and_3rd,1st&3rd,5:30 PM,Adrian Davidson & Meghan O'Malley,Brooklyn,https://www.instagram.com/barelymakingitcomedy/,independent,nyc-comedy-shows-2026-08-20,
true,Sunday Sqool Comedy,Sour Mouse,,Sunday,weekly,,8:00 PM,Ashely Gavis,Manhattan,https://www.eventbrite.com/o/ashley-gavin-14410151874,independent,nyc-comedy-shows-2026-08-20,
true,Comedy Mob,New York Comedy Club,,Sunday,weekly,,5:30 PM,Kevin Hurley and George Vanarthos,Manhattan,https://www.instagram.com/comedymobnyc/,independent,nyc-comedy-shows-2026-08-20,
false,Brownish,New York Comedy Club,,Sunday,monthly,,8:00 PM,JC Mendoza,Manhattan,https://www.instagram.com/peachfuzzpapi/,independent,nyc-comedy-shows-2026-08-20,
false,Comedy Island Show,Cafe Balearica,,Sunday,weekly,,6:30 PM,Harshil Shukla,Brooklyn,https://www.instagram.com/shoeclaw/,independent,nyc-comedy-shows-2026-08-20,
true,Secret Sauce Sundays,Beauty Bar,,Sunday,weekly,,8:00 PM,Kofi Thomas,Manhattan,https://www.instagram.com/koficomic/,independent,nyc-comedy-shows-2026-08-20,
false,Elite Art,Old Man Hustle,,Sunday,weekly,,10:00 PM,Princess Gohan and André Myrie,Brooklyn,https://www.instagram.com/andre2999?igsh=bjBwd3Uya2tpN3Rt,independent,nyc-comedy-shows-2026-08-20,
false,Just Good Comedy,Halyards,,Sunday,weekly,,7:30 PM,Variety of producers,Brooklyn,https://www.instagram.com/justgoodcomedynyc?igsh=MWM2am5yZXozOTM2ag==,independent,nyc-comedy-shows-2026-08-20,
true,Vigbar Laughs,Vigbar,,Sunday,weekly,,7:00 PM,YuJean Chang,Brooklyn,https://www.instagram.com/vigbarlaughs?igsh=ZTY1dXZxZ2QxZ3B5,independent,nyc-comedy-shows-2026-08-20,
false,Laughs at Lux,Lux Lounge,,Sunday,weekly,,9:00 PM,Steve Francios,Manhattan,https://www.instagram.com/standupsteve__/,independent,nyc-comedy-shows-2026-08-20,
true,Post Moves Comedy,Bar Bayeux,,Sunday,weekly,,8:30 PM,"@maddietwiener, @lrndvs, @kenyoncomedy, @xaviermaurice_, @shaunanthoneyx",Brooklyn,https://www.instagram.com/postmovescomedy/,independent,nyc-comedy-shows-2026-08-20,
false,Mixed Signals Comedy,Flophouse,,Sunday,weekly,,8:00 PM,@damn_lissa,Brooklyn,https://www.instagram.com/mixedsignals_comedy/,independent,nyc-comedy-shows-2026-08-20,
true,The Sunday Show,Alligator Lounge,,Sunday,weekly,,7:00 PM,@andreibuna,Brooklyn,https://www.instagram.com/thesundayshoww/,independent,nyc-comedy-shows-2026-08-20,
true,Old Heads Comedy,St Marks,,Sunday,weekly,,9:30 PM,@guydavidknollcomedy,Manhattan,https://www.instagram.com/oldheadscomics/,independent,nyc-comedy-shows-2026-08-20,
true,House Show,The Comedy Shop,,Sunday,weekly,,8:00 PM,Eddie,Manhattan,https://www.instagram.com/thecomedyshopvillage/,club_house,nyc-comedy-shows-2026-08-20,
true,House Show,The Comedy Shop,,Sunday,weekly,,10:00 PM,Eddie,Manhattan,https://www.instagram.com/thecomedyshopvillage/,club_house,nyc-comedy-shows-2026-08-20,
true,The Pear Midtown,Grisly Pear,,Sunday,weekly,,7:30 PM,Jess,Manhattan,https://www.instagram.com/gpny_admin?igsh=ZmhxeTh2NTN5dW02,club_house,nyc-comedy-shows-2026-08-20,
true,The Pear Midtown,Grisly Pear,,Sunday,weekly,,9:30 PM,Jess,Manhattan,https://www.instagram.com/gpny_admin?igsh=ZmhxeTh2NTN5dW02,club_house,nyc-comedy-shows-2026-08-20,
true,Bushwicks Finest,Tiny Cupboard,,Sunday,weekly,,8:00 PM,Matt and Amy,Brooklyn,https://www.instagram.com/thetinycupboard/,club_house,nyc-comedy-shows-2026-08-20,
true,Bushwicks Finest,Tiny Cupboard,,Sunday,weekly,,9:30 PM,Matt and Amy,Brooklyn,https://www.instagram.com/thetinycupboard/,club_house,nyc-comedy-shows-2026-08-20,
true,The Pear,Grisly Pear,,Sunday,weekly,,6:00 PM,Jess,Manhattan,https://www.instagram.com/gpny_admin?igsh=ZmhxeTh2NTN5dW02,club_house,nyc-comedy-shows-2026-08-20,
true,The Pear,Grisly Pear,,Sunday,weekly,,8:00 PM,Jess,Manhattan,https://www.instagram.com/gpny_admin?igsh=ZmhxeTh2NTN5dW02,club_house,nyc-comedy-shows-2026-08-20,
true,The Pear,Grisly Pear,,Sunday,weekly,,10:00 PM,Jess,Manhattan,https://www.instagram.com/gpny_admin?igsh=ZmhxeTh2NTN5dW02,club_house,nyc-comedy-shows-2026-08-20,
true,The Pear,Grisly Pear,,Sunday,weekly,,11:59 PM,Jess,Manhattan,https://www.instagram.com/gpny_admin?igsh=ZmhxeTh2NTN5dW02,club_house,nyc-comedy-shows-2026-08-20,
false,Three Monkeys Show,Three Monkeys Bar,,Sunday,weekly,,8:30 PM,Sheba Mason,Manhattan,https://www.instagram.com/sheba_mason/,club_house,nyc-comedy-shows-2026-08-20,
true,House Show,St Marks Comedy Club,,Sunday,weekly,,5:30 PM,Alex Carabano,Manhattan,https://www.instagram.com/stmarkscomedyclub/?hl=en,club_house,nyc-comedy-shows-2026-08-20,
true,House Show,St Marks Comedy Club,,Sunday,weekly,,7:30 PM,Alex Carabano,Manhattan,https://www.instagram.com/stmarkscomedyclub/?hl=en,club_house,nyc-comedy-shows-2026-08-20,
true,Underground Overground,DM for location,,,pop_up,,8:00 PM,David Levin and Ethan Mansoor,Brooklyn / Manhattan,https://instagram.com/comedy.uo?utm_medium=copy_link,pop_up,nyc-comedy-shows-2026-08-20,DM for location/address
true,Mic'd Up Comedy,The Prodcuers Club,,,pop_up,,8:00 PM,Chanel Omari,Manhattan,https://www.instagram.com/chanelomari/,pop_up,nyc-comedy-shows-2026-08-20,
true,Petting Zoo Comedy,370 Metropolitan,,,pop_up,,8:00 PM,Ryan Seacrest,Brooklyn,https://www.instagram.com/_ryanseacrest/,pop_up,nyc-comedy-shows-2026-08-20,
true,Good God Comedy,Union Hall,,,pop_up,,7:30 PM,Caitlyn Cook,Brooklyn,https://www.instagram.com/thecaitlincook/,pop_up,nyc-comedy-shows-2026-08-20,
true,Prohitbition,DM for location,,,pop_up,,8:00 PM,Prohibition Comedy Crew,Brooklyn,https://www.instagram.com/prohibition_comedy/,pop_up,nyc-comedy-shows-2026-08-20,DM for location/address
false,Fools Circle Comedy,( DM location),DM location,,bi_weekly,,5:00 PM,Teklai,Brooklyn,https://instagram.com/teklai_?utm_medium=copy_link,independent,nyc-comedy-shows-2026-08-20,DM for location/address
true,Street Talk Comedy,DM for Address,,,pop_up,,7:00 PM,Maxx Manticof,Queens,https://instagram.com/streettalkcomedy?utm_medium=copy_link,pop_up,nyc-comedy-shows-2026-08-20,DM for location/address
true,NMFD Comedy,DM for location,,,pop_up,,various,@Salma.hindy,Manhattan,https://www.instagram.com/nmfdcomedy/,pop_up,nyc-comedy-shows-2026-08-20,DM for location/address; Time varies
true,Prohibiton Comdedy,The Factory,,,pop_up,,7:30 PM,Prohibition Crew,Manhattan,https://www.instagram.com/prohibition_comedy/,pop_up,nyc-comedy-shows-2026-08-20,
true,Kutti Gang,DM for Adress,,,pop_up,,Various,@pooreddy & @chopzubicomedy,Brooklyn / Manhattan,https://www.instagram.com/kuttigang/,pop_up,nyc-comedy-shows-2026-08-20,DM for location/address; Time varies
true,Last Laugh,The Grisly Pear,,,pop_up,,various,,Manhattan,https://www.instagram.com/lastlaughnewyork/,pop_up,nyc-comedy-shows-2026-08-20,Time varies
true,Comedy Is Gay,Various,,,pop_up,,Various,Brooke Finegold,Brooklyn / Manhattan,https://www.instagram.com/ilikerainbows/,pop_up,nyc-comedy-shows-2026-08-20,Time varies
false,Avant Gaurd Comedy,119 Hester Street,,,pop_up,,7:30 AM,@gabriel.simpatico @zack_didonato,Manhattan,https://www.instagram.com/avantgardecomedy/,pop_up,nyc-comedy-shows-2026-08-20,
